TimeStamp,Dst_IP,Source_IP
2022-03-25_10-55-54,??,??
2022-03-25_10-55-54,??,??
2022-03-25_10-55-54,??,??
2022-03-25_10-55-54,??,??
2022-03-25_10-55-54,??,??
2022-03-25_10-55-54,??,??
2022-03-25_10-55-54,??,??
2022-03-25_10-55-54,??,??
2022-03-25_10-55-54,??,??
2022-03-25_10-55-54,??,??
2022-03-25_10-55-54,13.107.5.93,192.168.205.240
2022-03-25_10-55-54,??,??
2022-03-25_10-55-54,13.107.5.93,192.168.205.240
2022-03-25_10-55-54,??,??
2022-03-25_10-55-54,??,??
2022-03-25_10-55-54,??,??
2022-03-25_10-55-54,117.18.232.200,192.168.205.240
2022-03-25_10-55-54,117.18.232.200,192.168.205.240
2022-03-25_10-55-54,??,??
2022-03-25_10-55-54,13.107.42.18,192.168.205.240
2022-03-25_10-55-54,??,??
2022-03-25_10-55-54,??,??
2022-03-25_10-55-54,13.107.42.18,192.168.205.240
2022-03-25_10-55-54,??,??
2022-03-25_10-55-54,??,??
